Númer Dýrs,Nafn Dýrs,Fræðiheiti,Afkvæmi min,Afkvæmi avg,Afkvæmi max,Líftími min,Líftími avg,Líftími max,Fætur,Þyngd min,Þyngd avg,Þyngd max,Lengd min,Lengd avg,Lengd max,Vísun án by,Url á upplýsingar um mynd,Url á mynd
1,Kyrrahafs bananasnigillinn,Ariolimax columbianus,,75,,1,,7,0,,"0,115",,"0,17",,"0,25","Thomas Schoch – CC BY-SA 2.5,", https://commons.wikimedia.org/w/index.php?curid=733211,https://upload.wikimedia.org/wikipedia/commons/b/b5/Banana_Slug-1.jpg
2,Fjarðarlandsmörgæsin,Eudyptes pachyrhynchus,,2,,10,,20,2,2,,6,,"0,6",,"Francesco Veronesi from Italy - Fiordland Crested Penguin - Stewart Island - New ZealandFJ0A7957, CC BY-SA 2.0",https://commons.wikimedia.org/w/index.php?curid=65032125,https://upload.wikimedia.org/wikipedia/commons/5/57/Fiordland_Crested_Penguin_-_Stewart_Island_-_New_Zealand_%2839070132111%29.jpg
3,Japanski kóngulóarkrabbinn,Macrocheira kaempferi,,1.500.000,,50,,100,10,16,,20,3,,"3,7","Tsarli at English Wikipedia, CC BY-SA 3.0", https://commons.wikimedia.org/w/index.php?curid=7252951,https://upload.wikimedia.org/wikipedia/commons/4/45/Spider_crab_at_manila_ocean_park.jpg
4,Týrusporðdrekinn,Euscorpius flavicaudis,10,,30,3,,8,8,"0,0003",,"0,001","0,035",,"0,045","Já - Own work, Public Domain",https://commons.wikimedia.org/w/index.php?curid=3195940,https://upload.wikimedia.org/wikipedia/commons/3/32/Euscorpius_flavicaudis.jpg
5,Grassnákurinn,Natrix natrix,8,,40,,20,,0,,"0,24",,,1,,"Ian McIntosh - Own work, CC BY-SA 3.0", https://commons.wikimedia.org/w/index.php?curid=16644321,https://upload.wikimedia.org/wikipedia/commons/d/d9/Natrix_natrix.png
6,Stóri túkaninn,Ramphastos toco,2,,4,12,,20,2,"0,5",,"0,8","0,5",,"0,7","Bernard DUPONT from FRANCE - Toco Toucan (Ramphastos toco) in Papaya Tree (Carica papaya), CC BY-SA 2.0",https://commons.wikimedia.org/w/index.php?curid=50761599,https://upload.wikimedia.org/wikipedia/commons/3/3f/Toco_Toucan_%28Ramphastos_toco%29_in_Papaya_Tree_%28Carica_papaya%29_%2828997424215%29.jpg
7,Konungskóbran,Ophiophagus hannah,7,,43,11,,17,0,5,,12,2,,4,"Michael Allen Smith from Seattle, USA - 12 - The Mystical King Cobra and Coffee Forests, CC BY-SA 2.0",https://commons.wikimedia.org/w/index.php?curid=25482569,https://upload.wikimedia.org/wikipedia/commons/4/4d/12_-_The_Mystical_King_Cobra_and_Coffee_Forests.jpg
8,Sverðfiskurinn,Xiphias gladius,1.000.000,,29.000.000,,15,,0,,650,,,3,,"NOAA Deep Sea Coral Research &amp; Technology Program-Pelagic Research Services. - Expedition Report: 2017 Southeast Deep Coral Initiative (SEDCI) expedition aboard NOAA Ship Nancy Foster (NF-17-08: August 12-31, 2017) NOAA Technical, Public Domain", https://commons.wikimedia.org/w/index.php?curid=81240651,https://upload.wikimedia.org/wikipedia/commons/1/19/Swordfish_natural_environment.jpg
9,Rauðíkorninn,Sciurus vulgaris,,3,,,3,,4,"0,2",,"0,3","0,3",,"0,5","hedera.baltica from Wrocław, Poland - Squirrel, CC BY-SA 2.0",https://commons.wikimedia.org/w/index.php?curid=43379772,https://upload.wikimedia.org/wikipedia/commons/0/05/Squirrel_%2817026400639%29.jpg
10,Karabíahafs flæminginn,Phoenicopterus ruber,,1,,,40,,2,2,,3,"1,2",,"1,45","Paul Asman and Jill Lenoble - American flamingo Phoenicopterus ruber, CC BY 2.0",https://commons.wikimedia.org/w/index.php?curid=26486292,https://upload.wikimedia.org/wikipedia/commons/7/7d/Phoenicopterus_ruber_Bonaire_2.jpg
11,Jarfinn,Gulo gulo,2,,3,8,,10,4,11,,28,"0,6",,"1,13","Jonathan Othén - Own work, CC BY-SA 4.0", https://commons.wikimedia.org/w/index.php?curid=40212610,https://upload.wikimedia.org/wikipedia/commons/1/10/Wolverine_in_Sweden.jpg
12,Gullörninn,Aquila chrysaetos,1,,4,,39,,2,"2,5",,"6,5","0,5",,"0,7","Martin Mecnarowski (http://www.photomecan.eu/) - Own work, CC BY-SA 3.0",https://commons.wikimedia.org/w/index.php?curid=12686118,https://upload.wikimedia.org/wikipedia/commons/c/cd/Aquila_chrysaetos_3_%28Martin_Mecnarowski%29.jpg
13,Afríski gresjufíllinn,Loxodonta africana,,1,,70,,75,4,2.000,,3.000,"2,5",,"3,5","Andrew Shiva / Wikipedia, CC BY-SA 4.0",https://commons.wikimedia.org/w/index.php?curid=23921362,https://upload.wikimedia.org/wikipedia/commons/a/af/Elephant_%28Loxodonta_Africana%29_03.jpg
14,Aðmírállinn,Vanessa atalanta,,500,,"0,5",,"1",6,"0,0002",,"0,0005",,"0,05",,"ΓΙΑΝΝΗΣ ΖΑΧΑΡΑΚΗΣ - Own work, CC BY-SA 4.0",https://commons.wikimedia.org/w/index.php?curid=69029398,https://upload.wikimedia.org/wikipedia/commons/c/c6/Vanessa_atalanta_-%CE%A3%CE%B5%CE%BB%CE%AC%CE%BA%CE%B1%CE%BD%CE%BF.jpg
15,Górilluapinn,Gorilla gorilla,,1,,35,,40,4,,168,,,"1,6",,"Jim Bowen - https://secure.flickr.com/photos/jamiedfw/3200137908/, CC BY 2.0",https://commons.wikimedia.org/w/index.php?curid=26418848,https://upload.wikimedia.org/wikipedia/commons/0/0f/Gorilla_Thinker.jpg
16,Ranakollurinn,Sphenodon punctatus,8,,15,60,,120,4,"0,5",,1,"0,4",,"0,6","Sid Mosdell from New Zealand - Tuatara, CC BY 2.0", https://commons.wikimedia.org/w/index.php?curid=70735190,https://upload.wikimedia.org/wikipedia/commons/7/70/Tuatara_%285205719005%29.jpg
17,Sokkabendillinn,Thamnophis sirtalis,,30,,6,,10,0,,"0,15",,"0,5",,"1,3","Wilson44691 - Own work, Public Domain",https://commons.wikimedia.org/w/index.php?curid=10100793,https://upload.wikimedia.org/wikipedia/commons/f/f7/Thamnophis_sirtalis_sirtalis_Wooster.jpg
18,Íslenski hrafninn,Corvus corax varius,4,,6,,23,,2,,"1,2",,"0,6",,"0,7",Atli Harðarson CC BY 2.0,https://commons.wikimedia.org/w/index.php?curid=2092904,https://upload.wikimedia.org/wikipedia/commons/9/92/Krummi_1.jpg
19,Anakondan,Eunectes murinus,20,,40,,10,,0,30,,70,3,,5,"MKAMPIS - Own work, CC BY-SA 4.0",https://commons.wikimedia.org/w/index.php?curid=62039578,https://upload.wikimedia.org/wikipedia/commons/b/b4/Sucuri_verde.jpg
20,Húmboltmörgæsin,Spheniscus humboldti,,2,,17,,18,2,3,,6,"0,5",,"0,7","Wilfried Wittkowsky - Own work, CC BY-SA 3.0",https://commons.wikimedia.org/w/index.php?curid=746608,https://upload.wikimedia.org/wikipedia/commons/0/07/Schwimmender-Pinguin.jpg
21,Strúturinn,Struthio camelus,7,,10,40,,45,2,60,,150,"1,7",,"2,8","Bernard DUPONT from FRANCE - Ostrich (Struthio camelus) male, CC BY-SA 2.0",https://commons.wikimedia.org/w/index.php?curid=40776089,https://upload.wikimedia.org/wikipedia/commons/6/65/Ostrich_%28Struthio_camelus%29_male_%2813994461256%29.jpg
22,Blásúlan,Sula nebouxii,2,,3,,17,,2,,"1,5",,,"0,8",,"Pete - originally posted to Flickr as Do A Little Dance..., CC BY-SA 2.0",https://commons.wikimedia.org/w/index.php?curid=3898063,https://upload.wikimedia.org/wikipedia/commons/b/b4/Blue-footed_Booby_%28Sula_nebouxii%29_-displaying.jpg
23,Skógarbobbinn,Cepaea nemoralis,30,,80,2,,6,0,"0,0004",,"0,0007","0,015",,"0,045","Cepaea_nemoralis_(Mad_Max).jpg: Mad Maxderivative work: Papa Lima Whiskey 2 - This file was derived from: Cepaea nemoralis (Mad Max).jpg:, CC BY-SA 3.0", https://commons.wikimedia.org/w/index.php?curid=18750276,https://upload.wikimedia.org/wikipedia/commons/f/fc/Cepaea_nemoralis_edit.jpg
24,Páfuglinn,Pavo cristatus,4,,6,,15,,2,4,,6,2,,"2,2","Paul Lakin, CC BY 3.0",https://commons.wikimedia.org/w/index.php?curid=55086969,https://upload.wikimedia.org/wikipedia/commons/d/df/Peacock%2C_East_Park%2C_Hull_-_panoramio.jpg
25,Landselurinn,Phoca vitulina,,1,,20,,35,2,100,,150,"1,5",,2,"Marcel Burkhard - Fotografiert von Marcel Burkhard, CC BY-SA 2.0 de",https://commons.wikimedia.org/w/index.php?curid=354703,https://upload.wikimedia.org/wikipedia/commons/7/7d/Seehund.jpg
26,Atlantshafslaxinn,Salmo salar,4.900,,9.600,,11,,0,2,,12,"0,5",,1,"Hans-Petter Fjeld - Own work, CC BY-SA 2.5",https://commons.wikimedia.org/w/index.php?curid=43160800,https://upload.wikimedia.org/wikipedia/commons/9/9c/Salmo_salar-Atlantic_Salmon-Atlanterhavsparken_Norway_%28cropped%29.JPG
27,Pandabjörninn,Ailuropoda melanoleuca,1,,2,,20,,4,100,,115,"1,2",,"1,9","Sheilalau at English Wikipedia - Transferred from en.wikipedia to Commons., Public Domain",https://commons.wikimedia.org/w/index.php?curid=2266960,https://upload.wikimedia.org/wikipedia/commons/c/cd/Panda_Cub_from_Wolong%2C_Sichuan%2C_China.JPG
28,Mjaldurinn,Delphinapterus leucas,,1,,25,,30,2,500,,1500,4,,"5,5","Steve Snodgrass - Flickr:Beluga, CC BY 2.0",https://commons.wikimedia.org/w/index.php?curid=10006016,https://upload.wikimedia.org/wikipedia/commons/e/e2/Delphinapterus_leucas_2.jpg
29,Háhyrningurinn,Orcinus orca,,1,,60,,80,2,7.000,,10.000,6,,10,"Minette Layne from Seattle, Washington, USA - Single breaching orca (cropped), CC BY 2.0",https://commons.wikimedia.org/w/index.php?curid=3351306,https://upload.wikimedia.org/wikipedia/commons/3/38/Orca_porpoising.jpg
30,Skollakoppurinn,Strongylocentrotus droebachiensis,100.000,,200.000,30,,45,0,"0,04",,"0,1","0,05",,"0,08","Hannah Robinson, Attribution",https://commons.wikimedia.org/w/index.php?curid=4091858,https://upload.wikimedia.org/wikipedia/commons/a/ab/S._droe.JPG
31,Mexíkómandran,Ambystoma mexicanum,100,,300,10,,15,4,"0,05",,"0,3","0,15",,"0,45",LaDameBucolique CC0,https://upload.wikimedia.org/wikipedia/commons/5/5c/Axolotl-2193331_1280.webp,https://upload.wikimedia.org/wikipedia/commons/5/5c/Axolotl-2193331_1280.webp
32,Bláháfurinn,Prionace glauca,25,,100,,20,,0,30,,180,"1,8",,"3,3","Diego Delso, CC BY-SA 4.0",https://commons.wikimedia.org/w/index.php?curid=108259668,https://upload.wikimedia.org/wikipedia/commons/b/b8/Tibur%C3%B3n_azul_%28Prionace_glauca%29%2C_canal_Fayal-Pico%2C_islas_Azores%2C_Portugal%2C_2020-07-27%2C_DD_28.jpg
33,Sléttusebrinn,Equus quagga,,1,,11,,17,4,220,,322,"2,2",,"2,5","Yathin S Krishnappa - Own work, CC BY-SA 3.0",https://commons.wikimedia.org/w/index.php?curid=31862629,https://upload.wikimedia.org/wikipedia/commons/4/45/Equus_quagga_burchellii_-_Etosha%2C_2014.jpg
34,Hreistureðlan,Ouroborus cataphractus,,1,,,20,,4,"0,07",,"0,1","0,07",,"0,09","Handré Basson - Own work, CC BY-SA 3.0",https://commons.wikimedia.org/w/index.php?curid=40957026,https://upload.wikimedia.org/wikipedia/commons/d/da/Ouroborus_cataphractus01.jpg
35,Hvalháfurinn,Rhincodon typus,,300,,80,,130,0,11.000,,15.000,9,,14,"MarAlliance2018 - Own work, CC BY-SA 4.0",https://commons.wikimedia.org/w/index.php?curid=71589328,https://upload.wikimedia.org/wikipedia/commons/f/f6/Whale_shark_at_Isla_Mujeres.jpg
36,Káputapírinn,Tapirus indicus,,1,,,30,,4,250,,320,"1,8",,"2,5","Rufus46 - Own work, CC BY-SA 3.0",https://commons.wikimedia.org/w/index.php?curid=35966715,https://upload.wikimedia.org/wikipedia/commons/5/58/Schabrackentapir_Tapirus_indicus_Tiergarten-Nuernberg-1.jpg
37,Grálóan,Pluvialis squatarola,3,,4,,9,,2,"0,19",,"0,28","0,27",,"0,3","© Hans Hillewaert, CC BY-SA 3.0",https://commons.wikimedia.org/w/index.php?curid=15256156,https://upload.wikimedia.org/wikipedia/commons/a/aa/Pluvialis_squatarola_%28summer_plumage%29.jpg
38,Gíraffinn,Giraffa camelopardalis,,1,,10,,15,4,800,,2.000,4,,"5,7","Doug Belshaw - https://www.flickr.com/photos/dougbelshaw/4468731175/, CC BY 2.0",https://commons.wikimedia.org/w/index.php?curid=80501204,https://upload.wikimedia.org/wikipedia/commons/9/93/Giraffa_camelopardalis_camelopardalis_%28Al_Ain_Zoo%2C_UAE%29%2C_crop_%26_flip.jpg
39,Tígrisdýrið,Penthera tigris,2,,3,,8,,4,90,,300,"2,5",,"3,9","Eric Kilby from USA - RAWKUploaded by Snowmanradio, CC BY-SA 2.0",https://commons.wikimedia.org/w/index.php?curid=10945660,https://upload.wikimedia.org/wikipedia/commons/2/2b/Panthera_tigris_-Franklin_Park_Zoo%2C_Massachusetts%2C_USA-8a_%281%29.jpg
40,Svarti nashyrningurinn,Diceros bicornis,,1,,35,,50,4,800,,1.400,3,,"3,8","Yathin S Krishnappa - Own work, CC BY-SA 3.0",https://commons.wikimedia.org/w/index.php?curid=22859869,https://upload.wikimedia.org/wikipedia/commons/2/22/2012_Black_Rhinoceros_Gemsbokvlakte.jpg
41,Bogkrabbinn,Carcinus maenas,,185.000,,,5,,10,"0,002",,"0,042","0,06",,"0,1","Lycaon - File:Carcinus maenas.jpg, CC BY-SA 3.0",https://commons.wikimedia.org/w/index.php?curid=32825620,https://upload.wikimedia.org/wikipedia/commons/0/0b/Carcinus_maenas_white_background.jpg
42,Steypireyðurin,Balaenoptera musculus,,1,,80,,90,2,,120.000,,,30,,"NOAA Photo Library - anim1754, Public Domain", https://commons.wikimedia.org/w/index.php?curid=17942391,https://upload.wikimedia.org/wikipedia/commons/1/1c/Anim1754_-_Flickr_-_NOAA_Photo_Library.jpg
43,Breiðnefurinn,Ornithorhynchus anatinus,1,,3,10,,20,4,"0,7",,"2,4","0,4",,"0,5","Klaus - Flickr: Wild Platypus 4, CC BY-SA 2.0",https://commons.wikimedia.org/w/index.php?curid=32551315,https://upload.wikimedia.org/wikipedia/commons/e/e0/Wild_Platypus_4.jpg
44,Hagamúsin,Apodemus sylvaticus,,5,,,1,,4,"0,025",,"0,035",,"0,09",,"© Hans Hillewaert, CC BY-SA 3.0",https://commons.wikimedia.org/w/index.php?curid=10179776,https://upload.wikimedia.org/wikipedia/commons/2/2c/Apodemus_sylvaticus_%28Sardinia%29.jpg
45,Ísbjörninn,Ursus maritimus,,2,,,18,,4,400,,600,,"2,6",,"Alan Wilson - www.naturespicsonline.com:[1], CC BY-SA 3.0",https://commons.wikimedia.org/w/index.php?curid=38456823,https://upload.wikimedia.org/wikipedia/commons/6/66/Polar_Bear_-_Alaska_%28cropped%29.jpg
46,Bónóbóapinn,Pan paniscus,,1,,,40,,4,30,,60,"1,1",,"1,2","Natataek at English Wikivoyage, CC BY-SA 3.0",https://commons.wikimedia.org/w/index.php?curid=24155733,https://upload.wikimedia.org/wikipedia/commons/e/e2/Apeldoorn_Apenheul_zoo_Bonobo.jpg
47,Búrhvalurinn,Physeter macrocephalus,,1,,,70,,2,,40.000,,16,,19,"Tim Cole, NMFS (NOAA) – Public Domain",https://upload.wikimedia.org/wikipedia/commons/c/cd/Sperm_whale_Tim_Cole_NMFS_crop.jpg,https://upload.wikimedia.org/wikipedia/commons/c/cd/Sperm_whale_Tim_Cole_NMFS_crop.jpg
48,Flóðsvínið,Hydrochoerus hydrochaeris,,4,,8,,10,4,35,,66,1,,"1,3","Eric Kilby - https://www.flickr.com/photos/ekilby/45778977114/, CC BY-SA 2.0",https://commons.wikimedia.org/w/index.php?curid=112395009,https://upload.wikimedia.org/wikipedia/commons/9/96/Capybara_Eating_Hay_11_11_2018.jpg
49,Sprettköngulóin,Latrodectus hasselti,,250,,2,,3,8,,"0,001",,"0,003",,"0,01","William - https://www.flickr.com/photos/wikiwill/3565053908/, CC BY 2.0",https://commons.wikimedia.org/w/index.php?curid=112989002,https://upload.wikimedia.org/wikipedia/commons/9/91/Redback_spider_in_its_web.jpg
50,Mandríllinn,Mandrillus sphinx,,1,,12,,14,4,19,,30,"0,7",,1,"Katma0601 - Own work, CC BY-SA 4.0",https://commons.wikimedia.org/w/index.php?curid=49446555,https://upload.wikimedia.org/wikipedia/commons/e/ed/Mandrill_Albert_September_2015_Zoo_Berlin_%282%29.jpg
51,Rauðpandan,Ailurus fulgens,1,,4,,14,,4,"3,2",,15,"0,8",,"1,2","Mathias Appel - Red Panda, CC0",https://commons.wikimedia.org/w/index.php?curid=53194723,https://upload.wikimedia.org/wikipedia/commons/e/e6/Red_Panda_%2824986761703%29.jpg
52,Risaoturinn,Pteronura brasiliensis,1,,5,6,,10,4,26,,32,"2,2",,"2,4","www.Araguaia.org - lower resolution image, Attribution",https://commons.wikimedia.org/w/index.php?curid=14620104,https://upload.wikimedia.org/wikipedia/commons/a/a2/Giant_Otter_Anjo.JPG
53,Trúðfiskurinn,Amphiprion percula,400,,1.500,6,,10,0,,"0,2",,,"0,08",,"Emőke Dénes - kindly granted by the author, CC BY-SA 4.0",https://commons.wikimedia.org/w/index.php?curid=69158632,https://upload.wikimedia.org/wikipedia/commons/b/b7/Hal_-_Amphiprion_percula_-_1.jpg
54,Græna sæskjaldbakan,Chelonia mydas,85,,200,,90,,4,68,,190,"0,8",,"1,1","Brocken Inaglory, CC BY-SA 3.0https://commons.wikimedia.org/w/index.php?curid=2483099", https://commons.wikimedia.org/w/index.php?curid=2483099,https://upload.wikimedia.org/wikipedia/commons/b/bb/Hawaii_turtle_2.JPG
55,Ástralski pelíkaninn,Pelecanus conspicillatus,1,,3,15,,20,2,4,,13,"1,6",,"1,8","Figaro (talk) 11:50, 28 March 2008 (UTC) - self-madeTransferred from en.wikipedia, Public Domain",https://commons.wikimedia.org/w/index.php?curid=17733063,https://upload.wikimedia.org/wikipedia/commons/d/de/Australian-Pelican-Portside-1.jpg
56,Djöflaskatan,Mobula birostris,1,,2,,20,,0,1.200,,1.400,4,,7,"Arturo de Frias Marques - Own work, CC BY-SA 4.0",https://commons.wikimedia.org/w/index.php?curid=35740544,https://upload.wikimedia.org/wikipedia/commons/f/fc/Giant_Manta_AdF.jpg
57,Lundinn,Fratercula arctica,,1,,20,,25,2,,"0,5",,,"0,2",,"Charles J. Sharp - Own work, from Sharp Photography, sharpphotography.co.uk, CC BY-SA 4.0",https://commons.wikimedia.org/w/index.php?curid=106949394,https://upload.wikimedia.org/wikipedia/commons/c/c4/Puffin_%28Fratercula_arctica%29_with_lesser_sand_eels_%28Ammodytes_tobianus%29.jpg
58,Snæhérinn,Lepus timidus,1,,4,,12,,4,2,,5,"0,4",,"0,6","H. Zell - Own work, CC BY-SA 3.0",https://commons.wikimedia.org/w/index.php?curid=8448452,https://upload.wikimedia.org/wikipedia/commons/4/44/Lepus_timidus_01.JPG
59,Brúna letidýrið,Bradypus variegatus,,1,,30,,40,4,2,,6,"0,4",,"0,8","Christian Mehlführer, User:Chmehl - Own work, CC BY 2.5",https://commons.wikimedia.org/w/index.php?curid=3340774,https://upload.wikimedia.org/wikipedia/commons/2/2e/MC_Drei-Finger-Faultier.jpg
60,Afríska risafætlan,Archispirostreptus gigas,25,,200,7,,10,256,,"0,17",,,"0,3",,"Bjørn Christian Tørrissen - Own work by uploader, http://bjornfree.com/galleries.html, CC BY-SA 3.0",https://commons.wikimedia.org/w/index.php?curid=14645188,https://upload.wikimedia.org/wikipedia/commons/f/f5/Archispirostreptus-Gigas-Amphitheatre.jpg
61,Dordingullinn,Tegenaria domestica,,200,,,1,,8,,"0,000006",,"0,006",,"0,011","Magne Flåten - eigin skrá, CC BY-SA 3.0",https://commons.wikimedia.org/w/index.php?curid=25527046,https://upload.wikimedia.org/wikipedia/commons/8/81/Tegenaria_domestica-g.jpg
62,Þvottabjörninn,Procyon lotor,2,,5,2,,3,4,5,,26,"0,4",,"0,7","Darkone - Own work, CC BY-SA 2.5",https://commons.wikimedia.org/w/index.php?curid=260394,https://upload.wikimedia.org/wikipedia/commons/e/ed/Raccoon_%28Procyon_lotor%29_2.jpg
63,Svanurinn,Cygnus cygnus,4,,7,10,,15,2,7,,16,"1,2",,"1,6","JoachimKohler-HB - Own work, CC BY-SA 4.0",https://commons.wikimedia.org/w/index.php?curid=115018348,https://upload.wikimedia.org/wikipedia/commons/6/6b/Aufgewacht_-_Singschwan_streckt_sich_%282022%29.jpg
64,Rauði arnpáfinn,Ara macao,2,,3,,50,,2,,1,,,"0,8",,"Peter - Flickr, CC BY-SA 2.0",https://commons.wikimedia.org/w/index.php?curid=3748929,https://upload.wikimedia.org/wikipedia/commons/3/3a/Scarlet_Macaw_%28Ara_macao%29_-raising_leg.jpg
65,Stóra húsflugan,Musca domestica,75,,150,"0,02",,"0,16",6,"0,000002",,"0,000045","0,006",,"0,007","USDAgov - https://www.flickr.com/photos/usdagov/8674435033/sizes/o/in/photostream/, Public Domain",https://commons.wikimedia.org/w/index.php?curid=25727555,https://upload.wikimedia.org/wikipedia/commons/1/14/Common_house_fly%2C_Musca_domestica.jpg
66,Dvergtígurkötturinn,Prionailurus bengalensis,2,,3,,13,,4,"0,5",,"3,8","0,55",,"0,99","Shan2797 - Own work, CC BY-SA 4.0",https://commons.wikimedia.org/w/index.php?curid=49384952,https://upload.wikimedia.org/wikipedia/commons/0/02/Leopard_cat_India.jpg
67,Snæuglan,Bubo scandiacus,3,,11,9,,10,2,"1,6",,3,"0,5",,"0,7","Jongsun Lee - Imported from 500px (archived version) by the Archive Team. (detail page), CC BY 3.0",https://commons.wikimedia.org/w/index.php?curid=71361042,https://upload.wikimedia.org/wikipedia/commons/6/6d/Snowy_Owl_%28240866707%29.jpeg
68,Gárinn,Melopsittacus undulatus,4,,6,5,,8,2,"0,03",,"0,04",,"0,18",,"Benjamint444 - Own work, GFDL 1.2",https://commons.wikimedia.org/w/index.php?curid=21993737,https://upload.wikimedia.org/wikipedia/commons/e/ec/Budgerigar-strzelecki-qld.jpg
69,Vampíran,Desmodus rotundus,,1,,,12,,4,"0,025",,"0,045",,"0,09",,"Uwe Schmidt - Werk wurde mir vom Autor persönlich zur Nutzung überlassen., CC BY-SA 4.0",https://commons.wikimedia.org/w/index.php?curid=36602827,https://commons.wikimedia.org/w/index.php?curid=36602827#/media/File:Desmo-boden.tif
70,Klumbudragan,Caretta caretta,,112,,47,,67,4,80,,200,"0,7",,1,"Strobilomyces - Own work, CC BY-SA 3.0",https://commons.wikimedia.org/w/index.php?curid=719666,https://upload.wikimedia.org/wikipedia/commons/5/53/Caretta_caretta_060417w2.jpg
71,Kýrin,Bos taurus,,1,,,25,,4,500,,1.000,"1,8",,2,"Keith Weller/USDA - www.ars.usda.gov: Image Number K5176-3, Public Domain",https://commons.wikimedia.org/w/index.php?curid=808501,https://upload.wikimedia.org/wikipedia/commons/0/0c/Cow_female_black_white.jpg
72,Húskötturinn,Felis catus,2,,5,7,,13,4,4,,5,"0,7",,"0,8",Haukur Barri – Public Domain,,https://upload.wikimedia.org/wikipedia/commons/0/0b/Cat_poster_1.jpg
73,Heimskautarefurinn,vulpes lagopus,,5,,6,,10,4,3,,"4,5","0,7",,1,"Michael Haferkamp - eigin skrá, CC BY-SA 3.0",https://commons.wikimedia.org/w/index.php?curid=207528,https://upload.wikimedia.org/wikipedia/commons/2/2f/Arcticfox-3.jpg
74,Evrópska ljósmóðurkartan,Alytes obstetricans,,150,,3,,5,4,"0,01",,"0,08",,"0,05",,"Christian Fischer, CC BY-SA 3.0",https://commons.wikimedia.org/w/index.php?curid=7344176,https://upload.wikimedia.org/wikipedia/commons/4/43/AlytesObstetricansJuv.jpg
75,Elgurinn,Alces alces,1,,2,15,,25,4,300,,700,"2,4",,"3,1","Ryan Hagerty - http://www.public-domain-image.com/full-image/fauna-animals-public-domain-images-pictures/deers-public-domain-images-pictures/moose-and-elk-public-domain-images-pictures/a-male-moose-takes-a-rest-in-a-field-during-a-light-rainshower.jpg-public-domain-photo.html, Public Domain",https://commons.wikimedia.org/w/index.php?curid=19998267,https://upload.wikimedia.org/wikipedia/commons/2/23/Male_Moose.jpg
76,Ljónið,Panthera leo,2,,4,10,,15,4,,250,,,3,,"Kevin Pluck - Flickr: The King., CC BY 2.0",https://commons.wikimedia.org/w/index.php?curid=755560,https://upload.wikimedia.org/wikipedia/commons/7/73/Lion_waiting_in_Namibia.jpg
77,Nílarkrókódíllinn,Crocodylus niloticus,25,,80,70,,100,4,220,,415,3,,5,"Sarah McCans - https://www.flickr.com/photos/sarah_mccans/290053263/, CC BY 2.0",https://commons.wikimedia.org/w/index.php?curid=7960247,https://upload.wikimedia.org/wikipedia/commons/1/18/Nilecroc100.jpg
78,Langfrýnan,Varanus giganteus,6,,12,,20,,4,,15,,"1,7",,"2,5","Bernard DUPONT from FRANCE - Perentie (Varanus giganteus), CC BY-SA 2.0",https://commons.wikimedia.org/w/index.php?curid=40773621,https://upload.wikimedia.org/wikipedia/commons/6/67/Perentie_%28Varanus_giganteus%29_%2810244734736%29.jpg
79,Evrópski broddgölturinn,Erinaceus europaeus,,3,,3,,10,4,1,,2,"0,2",,"0,3","Michael Gäbler, CC BY-SA 3.0",https://commons.wikimedia.org/w/index.php?curid=25702847,https://upload.wikimedia.org/wikipedia/commons/c/cb/Erinaceus_europaeus_%28Linnaeus%2C_1758%29.jpg
80,Herkúlesarbjallan,Dynastes hercules,30,,80,2,,3,6,"0,01",,"0,04","0,05",,"0,11","Didier Descouens - Own work, CC BY-SA 4.0",https://commons.wikimedia.org/w/index.php?curid=16140900,https://upload.wikimedia.org/wikipedia/commons/0/0e/Dynastes_hercules_ecuatorianus_MHNT.jpg
81,Keisaramörgæsin,Aptenodytes forsteri,,1,,,20,,2,,30,,,"1,15",,Denis Luyten - Public Domain,https://commons.wikimedia.org/w/index.php?curid=76147073,https://upload.wikimedia.org/wikipedia/commons/4/4f/2007_Snow-Hill-Island_Luyten-De-Hauwere-Emperor-Penguin-56.jpg
82,Krían,Sterna paradisaea,1,,3,,30,,2,"0,086",,"0,127","0,33",,"0,36","pjt56 --- If you use the picture outside Wikipedia I would appreciate a short e-mail to pjt56@gmx.net - Own work, CC BY-SA 3.0",https://commons.wikimedia.org/w/index.php?curid=16328212,https://upload.wikimedia.org/wikipedia/commons/2/2c/Sterna_paradisaea-pjt1.jpg
83,Kragaeðlan,Chlamydosaurus kingii,,8,,,10,,4,"0,4",,"0,87",,"0,85",,"Matt from Melbourne, Australia - Frill-necked Lizard (Chlamydosaurus kingii)Uploaded by SunOfErat, CC BY 2.0",https://commons.wikimedia.org/w/index.php?curid=27543058,https://upload.wikimedia.org/wikipedia/commons/f/f1/Frill-necked_Lizard_%28Chlamydosaurus_kingii%29_%288692622586%29.jpg
84,Tunglfiskurinn,Mola mola,,300.000.000,,,10,,0,247,,2.000,,"2,5",,"mmmmngai@rogers.com - Portugal-Lisboa-Oceanário de Lisboa -P1170757, CC BY-SA 2.0",https://commons.wikimedia.org/w/index.php?curid=47853769,https://upload.wikimedia.org/wikipedia/commons/e/ee/Portugal-Lisboa-Ocean%C3%A1rio_de_Lisboa_-P1170757_%2825260836764%29.jpg
85,Kyrrahafs kolkrabbinn,Enteroctopus dofleini,120.000,,400.000,3,,5,8,15,,50,4,,6,"Bachrach44 - Enteroctopus dofleini in aquarium crop.jpg, CC0",https://commons.wikimedia.org/w/index.php?curid=27656354,https://upload.wikimedia.org/wikipedia/commons/5/52/Enteroctopus_dofleini_in_aquarium_rotated.jpg
86,Spænska moskumoldvarpan,Galemys pyrenaicus,3,,4,3,,4,4,"0,03",,"0,08","0,23",,"0,3","David Perez - Own work, CC BY 3.0",https://commons.wikimedia.org/w/index.php?curid=7898248,https://upload.wikimedia.org/wikipedia/commons/3/31/Galemys_pyrenaicus_01_by-dpc.jpg
87,Grátranan,Grus grus,,2,,30,,40,2,3,,"6,1",1,,"1,3","Frank Liebig - Archiv Frank Liebig, CC BY-SA 3.0",https://commons.wikimedia.org/w/index.php?curid=56812600,https://upload.wikimedia.org/wikipedia/commons/9/91/Erster_Kranich_2017_EO5P0211-2.jpg
88,Stökkhjörturinn,Antidorcas marsupialis,,1,,,10,,4,27,,42,"1,2",,"1,5","Yathin S Krishnappa - Own work, CC BY-SA 3.0",https://commons.wikimedia.org/w/index.php?curid=24224663,https://upload.wikimedia.org/wikipedia/commons/8/89/Antidorcas_marsupialis%2C_male_%28Etosha%2C_2012%29.jpg
89,Græni og svarti eiturörva-froskurinn,Dendrobates auratus,,6,,5,,12,4,,"0,028",,"0,01",,"0,04","Myself (Adrian Pingstone). - Own work, taken with a Nikon D5300 DSLR and Nikon 18-200 mm lens., Public Domain",https://commons.wikimedia.org/w/index.php?curid=79491026,https://upload.wikimedia.org/wikipedia/commons/e/e2/Green_and_black_poison_dart_frog_at_Slimbridge_Wetland_Centre%2C_Gloucestershire%2C_England_arp.jpg
90,Egypski hrægammurinn,Neophron percnopterus,,2,,5,,21,2,,"1,9",,"0,58",,"0,7","Carlos Delgado, CC BY-SA 3.0",https://commons.wikimedia.org/w/index.php?curid=25495449,https://upload.wikimedia.org/wikipedia/commons/2/21/Neophron_percnopterus_-_01.jpg
91,Emúinn,Dromaius novaehollandiae,5,,15,5,,10,2,18,,60,"1,5",,"1,9","JJ Harrison (https://www.jjharrison.com.au/) - Own work, CC BY-SA 4.0",https://commons.wikimedia.org/w/index.php?curid=92381514,https://upload.wikimedia.org/wikipedia/commons/9/9d/Emu_1_-_Tidbinbilla.jpg
92,Vatnaköngulóin,Argyroneta aquatica,30,,70,,2,,8,"0,000006",,"0,00001","0,008",,"0,015","Norbert Schuller Baupi - Own work, CC BY-SA 3.0",https://commons.wikimedia.org/w/index.php?curid=5660876,https://upload.wikimedia.org/wikipedia/commons/0/04/Argyroteta_aquatica_M%C3%A4nnchen.jpg
93,Rauðhumlan,Bombus hypnorum,6,,16,"0,4",,5,6,"0,00011",,"0,0002","0,011",,"0,2","Orangeaurochs from Sandy, Bedfordshire, United Kingdom",https://upload.wikimedia.org/wikipedia/commons/4/4b/Tree_bumblebee_%28Bombus_hypnorum%29_on_scabious%2C_Sandy%2C_Bedfordshire_%287742422588%29.jpg,https://upload.wikimedia.org/wikipedia/commons/4/4b/Tree_bumblebee_%28Bombus_hypnorum%29_on_scabious%2C_Sandy%2C_Bedfordshire_%287742422588%29.jpg
94,Svartbakurinn,Larus marinus,,3,,,27,,2,"0,75",,"2,3","0,64",,"0,79","Per Harald Olsen from Trondheim, Norway -  Creative Commons Attribution 2.0 Generic",https://upload.wikimedia.org/wikipedia/commons/a/ad/Great_black-backed_gull_%28Larus_marinus%29_Norwegian_Svartbak._%2849529322937%29.jpg,https://upload.wikimedia.org/wikipedia/commons/a/ad/Great_black-backed_gull_%28Larus_marinus%29_Norwegian_Svartbak._%2849529322937%29.jpg
95,Ufsinn,Pollachius virens,500.000,,9.000.000,16,,20,0,"1,8",,"6,8","0,28",,"1,3","Tino Strauss – Own work, Creative Commons Attribution-Share Alike 3.0 Unported, 2.5 Generic, 2.0 Generic and 1.0 Generic",https://upload.wikimedia.org/wikipedia/commons/a/aa/Pollachius_virens_01.jpg,https://upload.wikimedia.org/wikipedia/commons/a/aa/Pollachius_virens_01.jpg
96,Skeifukrabbinn,Limulus polyphemus,15.000,,64.000,20,,40,10,"1,8",,"2,6","0,3",,"0,6","domdomegg - Own work, CC BY 4.0",https://commons.wikimedia.org/w/index.php?curid=39946814,https://upload.wikimedia.org/wikipedia/commons/9/9e/Atlantic_horseshoe_crab_%28Limulus_polyphemus%29_%285%29.jpg
97,Kattlemúrinn,Lemur catta,1,,2,15,,30,4,,"2,2",,"0,94",,"1,09","Alex Dunkel (Maky) - Own work, CC BY 3.0",https://commons.wikimedia.org/w/index.php?curid=8621909,https://upload.wikimedia.org/wikipedia/commons/f/f5/Lemur_catta_001.jpg
98,Kasúinn,Casuarius casuarius,3,,4,20,,40,2,17,,70,"1,5",,"1,8","Daiju Azuma - Own work, CC BY-SA 2.5",https://commons.wikimedia.org/w/index.php?curid=1236984,https://upload.wikimedia.org/wikipedia/commons/2/2c/Casuarius_casuarius.jpg
99,Kóalabjörninn,Phascolarctos cinereus,,1,,13,,18,4,4,,15,"0,6",,"0,85","Diliff - Own work, CC BY-SA 3.0",https://commons.wikimedia.org/w/index.php?curid=361837,https://upload.wikimedia.org/wikipedia/commons/4/49/Koala_climbing_tree.jpg
100,Rauðkengúran,Macropus rufus,,1,,16,,23,4,18,,90,"1,5",,"2,8","Rileypie - PD from en.Wikipedia, Public Domain",https://commons.wikimedia.org/w/index.php?curid=834523
101,Svartloppugibboninn,Hylobates agilis,,1,,,25,,4,4,,6,"0,44",,"0,635","Julielangford - Own work, CC BY-SA 3.0", https://commons.wikimedia.org/w/index.php?curid=7428342
102,Klekkasvettan,Thamnolaea cinnamomeiventris,2,,4,3,,10,2,"0,041",,"0,051","0,19",,"0,21","Alandmanson - Own work, CC BY 4.0", https://commons.wikimedia.org/w/index.php?curid=62814699
103,Brúni kívínn,Apteryx australis,,1,,20,,40,2,"2,8",,"3,5","0,45",,"0,54",Glen Fergus - Own work, CC BY-SA 2.5", https://commons.wikimedia.org/w/index.php?curid=3509003
104,Gresjuhreysturdýrið,Manis temminckii,,1,,,20,,4,7,,18,"0,4",,"0,7","U.S. Fish and Wildlife Service Headquarters - Manis temminckii, CC BY 2.0", https://commons.wikimedia.org/w/index.php?curid=56589235
105,Skrúfugeitin,Capra falconeri,1,,2,11,,13,4,32,,110,"1,4",,"1,8","Rufus46 - Own work, CC BY-SA 3.0", https://commons.wikimedia.org/w/index.php?curid=35515177
106,Meivan,Ameiva ameiva,,6,,2,,5,4,,"0,068","0,12",,"0,13","Bernard DUPONT from FRANCE, CC BY-SA 2.0", https://creativecommons.org/licenses/by-sa/2.0
107,Sólblómakrossfiskurinn,Pycnopodia helianthoides,,2.500.000,,,21,,"16-24",,5,,,1,,"Ed Bierman from CA, usa - Sunflower star, CC BY 2.0", https://commons.wikimedia.org/w/index.php?curid=75957724
108,Pátittlingur,Passerina ciris,3,,4,,10,,2,"0,013",,"0,019","0,12",,"0,14","Dan Pancamo - Flickr: Painted Bunting, CC BY-SA 2.0", https://commons.wikimedia.org/w/index.php?curid=15088550